Hungary,Slovakia,Poland,Ukraine,Romania,Greece,Cyprus,Turkey,Israel,Egypt,Jordan,United Arab Emirates,Qatar,Thailand,Philippines,United Kingdom,France,Switzerland,Italy,Spain,Belgium,Netherlands,Finland,Austria,Germany
Cuba,Costa Rica,Jamaica,Mexico,USA,Canada,Portugal,Germany,Spain,Andora,France
USA,Canada,UK,Switzerland,Netherlands,Czech Republic,Belgium,Mexico,Costa Rica,Denmark,Finland,Sweden,Russia,Italy,Greece,Croatia
Greece,Cyprus,Italy,France,Spain,Germany,USA,Hungary,Belgium,Netherlands,Poland,Romania
United Kingdom,Italy,Egypt,Israel,Russia
Egypt,Spain,Greece
Switzerland,Austria,Germany,Canada,USA
Norway,Denmark,Netherlands,Finland,Sweden,Estonia,Germany
Italy,Greece,Switzerland,Iceland,Australia,Argentina,Mexico
Philippines,Greece,Belgium,Croatia,Bulgaria,Russia
Vietnam,Philippines,China,Laos,Malaisia,Japan
Germany,France,China,Japan,Hungary,Belgium,Spain
Brazil,Argentina,Mexico,Japan,China
Norway,Iceland,Sweden,Netherlands,Austria,Switzerland,United Kingdom,Croatia
Croatia,Romania,Italy,Greece,Cyprus,Bulgaria,Moldova
Hungary,Czech Republic,Austria,Slovakia,Spain,France,Italy,Greece,Portugal
Poland,Russia,Germany,Moldova,Lithuania,Estonia,Finland
United Kingdom,France,Spain,Belgium,Netherlands
Cyprus,Turkey,Greece,Italy,Egypt,USA
USA,Canada,Mexico,Brazil,Argentina,Chile,Peru
